{"f1": 0.72500000000000009, "recall": 0.72499999999999998, "precision": 0.72499999999999998, "accuracy": 0.72499999999999998}